Date,Day_temp
01/01/2012,-3.3
02/01/2012,-1.5
03/01/2012,1.8
04/01/2012,2.3
05/01/2012,0.5
06/01/2012,-0.1
07/01/2012,-1.6
08/01/2012,-4
09/01/2012,-1.4
10/01/2012,-3.3
11/01/2012,0.5
12/01/2012,1.3
13/01/2012,-1.5
14/01/2012,-4
15/01/2012,-4.9
16/01/2012,-4
17/01/2012,-5.1
18/01/2012,-3.8
19/01/2012,-2.9
20/01/2012,-3.7
21/01/2012,-3.5
22/01/2012,-5
23/01/2012,-7.4
24/01/2012,-7.6
25/01/2012,-10.2
26/01/2012,-11.6
27/01/2012,-12.6
28/01/2012,-14.5
29/01/2012,-14.5
30/01/2012,-14.8
31/01/2012,-16.4
01/02/2012,-17.1
02/02/2012,-22.1
03/02/2012,-22.9
04/02/2012,-24.8
05/02/2012,-22.9
06/02/2012,-17
07/02/2012,-12.7
08/02/2012,-12.3
09/02/2012,-13.5
10/02/2012,-15.3
11/02/2012,-18.2
12/02/2012,-10.9
13/02/2012,-8.8
14/02/2012,-4.8
15/02/2012,-7
16/02/2012,-5.7
17/02/2012,-6.9
18/02/2012,-8.5
19/02/2012,-3.9
20/02/2012,-1.5
21/02/2012,-0.2
22/02/2012,-0.7
23/02/2012,0.2
24/02/2012,-0.2
25/02/2012,-0.3
26/02/2012,-3.9
27/02/2012,-5.2
28/02/2012,-4.3
29/02/2012,0.5
01/03/2012,0.4
02/03/2012,1.4
03/03/2012,0.2
04/03/2012,-2.2
05/03/2012,-5.5
06/03/2012,-6.6
07/03/2012,-7.4
08/03/2012,-7.2
09/03/2012,-2.6
10/03/2012,1.2
11/03/2012,0.8
12/03/2012,5
13/03/2012,2.9
14/03/2012,0.3
15/03/2012,1.4
16/03/2012,2.2
17/03/2012,1.1
18/03/2012,2.9
19/03/2012,1.4
20/03/2012,2.3
21/03/2012,4.5
22/03/2012,7
23/03/2012,5.2
24/03/2012,2.6
25/03/2012,-0.3
26/03/2012,3.3
27/03/2012,3.7
28/03/2012,5.5
29/03/2012,2.8
30/03/2012,2.4
31/03/2012,-0.3
01/04/2012,0.8
02/04/2012,-1.1
03/04/2012,-1.9
04/04/2012,0.1
05/04/2012,3.7
06/04/2012,0.7
07/04/2012,-0.7
08/04/2012,-2.5
09/04/2012,1.7
10/04/2012,5.2
11/04/2012,7.3
12/04/2012,10.2
13/04/2012,9.8
14/04/2012,3.3
15/04/2012,8.3
16/04/2012,2.9
17/04/2012,2.5
18/04/2012,4.5
19/04/2012,7.2
20/04/2012,5.9
21/04/2012,6.4
22/04/2012,15
23/04/2012,10.4
24/04/2012,6.3
25/04/2012,12
26/04/2012,12.6
27/04/2012,13.8
28/04/2012,14.4
29/04/2012,9.2
30/04/2012,13.5
01/05/2012,10
02/05/2012,12.4
03/05/2012,8.5
04/05/2012,11.5
05/05/2012,12.1
06/05/2012,10.5
07/05/2012,9.5
08/05/2012,12
09/05/2012,16.7
10/05/2012,19.2
11/05/2012,15.8
12/05/2012,7.9
13/05/2012,9.4
14/05/2012,12.3
15/05/2012,14.3
16/05/2012,17.2
17/05/2012,13.9
18/05/2012,9
19/05/2012,14.7
20/05/2012,18.7
21/05/2012,20.6
22/05/2012,20.4
23/05/2012,15.5
24/05/2012,14
25/05/2012,17.7
26/05/2012,17.3
27/05/2012,18.4
28/05/2012,17.6
29/05/2012,13
30/05/2012,8.3
31/05/2012,10.6
01/06/2012,11.7
02/06/2012,8.7
03/06/2012,11.2
04/06/2012,13.3
05/06/2012,13.1
06/06/2012,13.4
07/06/2012,14.3
08/06/2012,16.2
09/06/2012,14.8
10/06/2012,17
11/06/2012,11.9
12/06/2012,16.9
13/06/2012,18.2
14/06/2012,19.8
15/06/2012,19.8
16/06/2012,20.4
17/06/2012,15.4
18/06/2012,16.9
19/06/2012,15
20/06/2012,18.1
21/06/2012,18.7
22/06/2012,20.2
23/06/2012,12.7
24/06/2012,14.2
25/06/2012,14.6
26/06/2012,15.1
27/06/2012,14.7
28/06/2012,15
29/06/2012,16.4
30/06/2012,17.6
01/07/2012,22.2
02/07/2012,17.9
03/07/2012,18.7
04/07/2012,20.9
05/07/2012,18.7
06/07/2012,23.2
07/07/2012,25
08/07/2012,23.4
09/07/2012,21.3
10/07/2012,20
11/07/2012,18.5
12/07/2012,18.1
13/07/2012,16.6
14/07/2012,16.7
15/07/2012,15.3
16/07/2012,14.9
17/07/2012,14.9
18/07/2012,15.8
19/07/2012,17.4
20/07/2012,19.2
21/07/2012,15.1
22/07/2012,17.1
23/07/2012,14.8
24/07/2012,20.5
25/07/2012,20.7
26/07/2012,24.1
27/07/2012,23.2
28/07/2012,25.7
29/07/2012,28.1
30/07/2012,21
31/07/2012,19
01/08/2012,14.8
02/08/2012,18.9
03/08/2012,22.4
04/08/2012,19.8
05/08/2012,19.7
06/08/2012,17.7
07/08/2012,17.2
08/08/2012,15.9
09/08/2012,16.5
10/08/2012,12.7
11/08/2012,12.7
12/08/2012,13.7
13/08/2012,15.9
14/08/2012,19.3
15/08/2012,15.8
16/08/2012,19.5
17/08/2012,19.2
18/08/2012,19.6
19/08/2012,18
20/08/2012,13.1
21/08/2012,13.9
22/08/2012,15.1
23/08/2012,14.4
24/08/2012,15.3
25/08/2012,16.3
26/08/2012,16.6
27/08/2012,16.1
28/08/2012,13.5
29/08/2012,14.8
30/08/2012,17
31/08/2012,15.6
01/09/2012,12.2
02/09/2012,16.4
03/09/2012,16
04/09/2012,16.2
05/09/2012,15.1
06/09/2012,11.7
07/09/2012,10.7
08/09/2012,8.8
09/09/2012,12.1
10/09/2012,13.4
11/09/2012,17.8
12/09/2012,16.9
13/09/2012,12.5
14/09/2012,13.2
15/09/2012,13.5
16/09/2012,14.7
17/09/2012,16.6
18/09/2012,15.9
19/09/2012,13.2
20/09/2012,11.6
21/09/2012,10.3
22/09/2012,12.2
23/09/2012,8.6
24/09/2012,8.9
25/09/2012,9.7
26/09/2012,11.4
27/09/2012,15.7
28/09/2012,11.8
29/09/2012,11.5
30/09/2012,9.8
01/10/2012,11.3
02/10/2012,10.8
03/10/2012,10.8
04/10/2012,12.3
05/10/2012,9.3
06/10/2012,8.7
07/10/2012,8.6
08/10/2012,7.6
09/10/2012,7
10/10/2012,5.5
11/10/2012,6.2
12/10/2012,6
13/10/2012,5.3
14/10/2012,4.6
15/10/2012,8.2
16/10/2012,9.3
17/10/2012,8.7
18/10/2012,10.1
19/10/2012,12.4
20/10/2012,10.3
21/10/2012,11
22/10/2012,4.9
23/10/2012,4
24/10/2012,6
25/10/2012,1
26/10/2012,-2
27/10/2012,-1.7
28/10/2012,-1.8
29/10/2012,-1.3
30/10/2012,-2.9
31/10/2012,-0.1
01/11/2012,0.8
02/11/2012,5.5
03/11/2012,5.2
04/11/2012,4.6
05/11/2012,2.7
06/11/2012,1.8
07/11/2012,3.4
08/11/2012,1.9
09/11/2012,-0.9
10/11/2012,0.1
11/11/2012,3.8
12/11/2012,6.1
13/11/2012,2.4
14/11/2012,7.4
15/11/2012,6.2
16/11/2012,4.6
17/11/2012,5.6
18/11/2012,2.5
19/11/2012,4.5
20/11/2012,3.6
21/11/2012,4.5
22/11/2012,2.8
23/11/2012,5.1
24/11/2012,4.4
25/11/2012,1.6
26/11/2012,0.6
27/11/2012,-2.2
28/11/2012,-1.8
29/11/2012,-4.4
30/11/2012,-8
01/12/2012,-8
02/12/2012,-7.6
03/12/2012,-2.8
04/12/2012,-5.3
05/12/2012,-5.6
06/12/2012,-3.1
07/12/2012,-4.4
08/12/2012,-3.6
09/12/2012,-8.6
10/12/2012,-9.4
11/12/2012,-4.1
12/12/2012,-4.3
13/12/2012,-8.4
14/12/2012,-5.7
15/12/2012,-8.1
16/12/2012,-7.6
17/12/2012,-10.5
18/12/2012,-14.1
19/12/2012,-17.4
20/12/2012,-12.5
21/12/2012,-12.9
22/12/2012,-15.2
23/12/2012,-13
24/12/2012,-14
25/12/2012,-5.4
26/12/2012,-4.4
27/12/2012,1.4
28/12/2012,-2
29/12/2012,-7.1
30/12/2012,-0.9
31/12/2012,1.3
01/01/2013,2.7
02/01/2013,1.4
03/01/2013,-0.1
04/01/2013,0.4
05/01/2013,-2.2
06/01/2013,-3.7
07/01/2013,-4.5
08/01/2013,-3.9
09/01/2013,-0.8
10/01/2013,-3.7
11/01/2013,-8.5
12/01/2013,-16.7
13/01/2013,-8.5
14/01/2013,-4.3
15/01/2013,-8.2
16/01/2013,-9.3
17/01/2013,-9.1
18/01/2013,-13.1
19/01/2013,-20.4
20/01/2013,-11.2
21/01/2013,-7.2
22/01/2013,-7.8
23/01/2013,-5.5
24/01/2013,-8.2
25/01/2013,-6.9
26/01/2013,-4.4
27/01/2013,-10.1
28/01/2013,-7.5
29/01/2013,-2.5
30/01/2013,-0.5
31/01/2013,1.1
01/02/2013,-1.7
02/02/2013,-2.8
03/02/2013,-4
04/02/2013,-3.4
05/02/2013,-0.8
06/02/2013,0.3
07/02/2013,-0.4
08/02/2013,0.1
09/02/2013,-0.2
10/02/2013,0
11/02/2013,-1.4
12/02/2013,-2
13/02/2013,0.6
14/02/2013,-1.1
15/02/2013,-2.6
16/02/2013,-3.9
17/02/2013,-3.2
18/02/2013,-1.7
19/02/2013,-6.8
20/02/2013,-4.6
21/02/2013,-10.2
22/02/2013,-5.7
23/02/2013,-6.5
24/02/2013,-6.9
25/02/2013,-4.6
26/02/2013,-1.7
27/02/2013,1.5
28/02/2013,2.7
01/03/2013,-0.1
02/03/2013,-7.7
03/03/2013,-7.5
04/03/2013,-8.3
05/03/2013,-0.7
06/03/2013,1.6
07/03/2013,-2.9
08/03/2013,-4.7
09/03/2013,-8.3
10/03/2013,-10.4
11/03/2013,-7.9
12/03/2013,-6.3
13/03/2013,-4.8
14/03/2013,-8.2
15/03/2013,-6.9
16/03/2013,-3.9
17/03/2013,-6.6
18/03/2013,-8.8
19/03/2013,-6.8
20/03/2013,-6.3
21/03/2013,-7.5
22/03/2013,-10.6
23/03/2013,-4.7
24/03/2013,-3
25/03/2013,-1.3
26/03/2013,-1.1
27/03/2013,-0.1
28/03/2013,-0.5
29/03/2013,-0.6
30/03/2013,-2
31/03/2013,-0.9
01/04/2013,-1.4
02/04/2013,1.7
03/04/2013,3
04/04/2013,2.5
05/04/2013,1.5
06/04/2013,1.6
07/04/2013,0.7
08/04/2013,-0.3
09/04/2013,1.3
10/04/2013,2.5
11/04/2013,2.2
12/04/2013,4.5
13/04/2013,4
14/04/2013,2.3
15/04/2013,6.2
16/04/2013,9.8
17/04/2013,7.3
18/04/2013,11.9
19/04/2013,9.9
20/04/2013,6.5
21/04/2013,7.9
22/04/2013,10.2
23/04/2013,7.4
24/04/2013,8.9
25/04/2013,8.5
26/04/2013,4.2
27/04/2013,4.9
28/04/2013,7.6
29/04/2013,9.4
30/04/2013,7.5
01/05/2013,11
02/05/2013,9.8
03/05/2013,12.3
04/05/2013,15
05/05/2013,9.7
06/05/2013,14.3
07/05/2013,16.6
08/05/2013,19.4
09/05/2013,21.7
10/05/2013,17.8
11/05/2013,15.7
12/05/2013,13.7
13/05/2013,13.5
14/05/2013,16.1
15/05/2013,15.1
16/05/2013,19.9
17/05/2013,22
18/05/2013,22
19/05/2013,23.2
20/05/2013,22.3
21/05/2013,17
22/05/2013,14.5
23/05/2013,17.4
24/05/2013,17.1
25/05/2013,14.9
26/05/2013,14.3
27/05/2013,19.5
28/05/2013,19.3
29/05/2013,18.6
30/05/2013,16.8
31/05/2013,21
01/06/2013,23.8
02/06/2013,25
03/06/2013,23.8
04/06/2013,23.8
05/06/2013,24.5
06/06/2013,22.5
07/06/2013,20
08/06/2013,21.2
09/06/2013,18.5
10/06/2013,16.9
11/06/2013,15.5
12/06/2013,17
13/06/2013,19.9
14/06/2013,17.4
15/06/2013,16.8
16/06/2013,15.4
17/06/2013,14
18/06/2013,15.1
19/06/2013,18.7
20/06/2013,17.6
21/06/2013,21.7
22/06/2013,22.2
23/06/2013,21.8
24/06/2013,20.8
25/06/2013,24.3
26/06/2013,24.5
27/06/2013,20.8
28/06/2013,19.7
29/06/2013,17.6
30/06/2013,19.6
01/07/2013,16.6
02/07/2013,18.6
03/07/2013,20.7
04/07/2013,24.9
05/07/2013,23
06/07/2013,20.2
07/07/2013,21.5
08/07/2013,23.1
09/07/2013,19.9
10/07/2013,19.9
11/07/2013,20
12/07/2013,21.1
13/07/2013,22.4
14/07/2013,23.4
15/07/2013,20.5
16/07/2013,18.4
17/07/2013,19.2
18/07/2013,20.4
19/07/2013,14.6
20/07/2013,17
21/07/2013,15.9
22/07/2013,14
23/07/2013,20.3
24/07/2013,17.7
25/07/2013,19.2
26/07/2013,20
27/07/2013,21.1
28/07/2013,24.5
29/07/2013,25.2
30/07/2013,22
31/07/2013,17.6
01/08/2013,18.1
02/08/2013,18.2
03/08/2013,22.9
04/08/2013,23.9
05/08/2013,22.4
06/08/2013,23.2
07/08/2013,26.4
08/08/2013,27
09/08/2013,21.3
10/08/2013,19.1
11/08/2013,17.7
12/08/2013,15.1
13/08/2013,15.5
14/08/2013,15.8
15/08/2013,17.4
16/08/2013,18.7
17/08/2013,18
18/08/2013,22.5
19/08/2013,19.3
20/08/2013,18.3
21/08/2013,18.3
22/08/2013,17.1
23/08/2013,15.7
24/08/2013,16
25/08/2013,17.8
26/08/2013,20.1
27/08/2013,19
28/08/2013,18
29/08/2013,17.5
30/08/2013,16.3
31/08/2013,17.2
01/09/2013,15.4
02/09/2013,12.1
03/09/2013,15.5
04/09/2013,16.1
05/09/2013,17.4
06/09/2013,16.7
07/09/2013,17.1
08/09/2013,17.1
09/09/2013,17.1
10/09/2013,17.1
11/09/2013,17.5
12/09/2013,17.9
13/09/2013,17.2
14/09/2013,14.2
15/09/2013,13.8
16/09/2013,13.9
17/09/2013,15.3
18/09/2013,14.6
19/09/2013,16.9
20/09/2013,14.4
21/09/2013,14.3
22/09/2013,11.5
23/09/2013,10.5
24/09/2013,6.8
25/09/2013,4
26/09/2013,6.1
27/09/2013,6.6
28/09/2013,7.3
29/09/2013,6.4
30/09/2013,5.1
01/10/2013,4.3
02/10/2013,4.9
03/10/2013,8.5
04/10/2013,8.3
05/10/2013,9.1
06/10/2013,10.7
07/10/2013,12.7
08/10/2013,12.8
09/10/2013,11.3
10/10/2013,12.6
11/10/2013,8.6
12/10/2013,8.1
13/10/2013,9.4
14/10/2013,6.1
15/10/2013,9.8
16/10/2013,3.4
17/10/2013,4.3
18/10/2013,2.8
19/10/2013,4
20/10/2013,1.4
21/10/2013,0.2
22/10/2013,0.9
23/10/2013,8.6
24/10/2013,11.9
25/10/2013,9.2
26/10/2013,8.5
27/10/2013,11.8
28/10/2013,10.6
29/10/2013,9.6
30/10/2013,7.7
31/10/2013,7.1
01/11/2013,7
02/11/2013,8.2
03/11/2013,7.5
04/11/2013,6.4
05/11/2013,6.3
06/11/2013,5.8
07/11/2013,4.4
08/11/2013,6
09/11/2013,4.2
10/11/2013,6.7
11/11/2013,4.5
12/11/2013,5.4
13/11/2013,5.8
14/11/2013,2.4
15/11/2013,5.1
16/11/2013,7.6
17/11/2013,5.9
18/11/2013,1.4
19/11/2013,4
20/11/2013,4.8
21/11/2013,7
22/11/2013,6.6
23/11/2013,2.9
24/11/2013,0.1
25/11/2013,-0.4
26/11/2013,-2.9
27/11/2013,4.5
28/11/2013,2.4
29/11/2013,-1.5
30/11/2013,-4.1
01/12/2013,1.4
02/12/2013,-2.5
03/12/2013,4.7
04/12/2013,0.8
05/12/2013,0.6
06/12/2013,0.1
07/12/2013,-0.5
08/12/2013,-2.7
09/12/2013,-4.7
10/12/2013,-5.4
11/12/2013,2.8
12/12/2013,4.8
13/12/2013,0.9
14/12/2013,-3.5
15/12/2013,-1.2
16/12/2013,4
17/12/2013,5.2
18/12/2013,3.1
19/12/2013,0.7
20/12/2013,2.5
21/12/2013,3.6
22/12/2013,4.3
23/12/2013,4.2
24/12/2013,3.3
25/12/2013,4.2
26/12/2013,2.9
27/12/2013,3.9
28/12/2013,6.1
29/12/2013,4.8
30/12/2013,3.9
31/12/2013,2.8
01/01/2014,-0.6
02/01/2014,-0.2
03/01/2014,-0.2
04/01/2014,0.9
05/01/2014,2.3
06/01/2014,1.3
07/01/2014,2.9
08/01/2014,5.5
09/01/2014,4.9
10/01/2014,2
11/01/2014,-0.9
12/01/2014,-3.7
13/01/2014,-8.5
14/01/2014,-10.9
15/01/2014,-11.3
16/01/2014,-8.8
17/01/2014,-10.7
18/01/2014,-14.2
19/01/2014,-13.8
20/01/2014,-12
21/01/2014,-13.2
22/01/2014,-13
23/01/2014,-16.4
24/01/2014,-17.7
25/01/2014,-14.3
26/01/2014,-9.9
27/01/2014,-13.2
28/01/2014,-14.1
29/01/2014,-14.4
30/01/2014,-17.1
31/01/2014,-11.3
01/02/2014,-7.1
02/02/2014,-4.6
03/02/2014,-3.4
04/02/2014,-1.8
05/02/2014,-7.2
06/02/2014,-6.4
07/02/2014,-0.2
08/02/2014,2.1
09/02/2014,2.5
10/02/2014,1.3
11/02/2014,0.1
12/02/2014,1.1
13/02/2014,1
14/02/2014,0.3
15/02/2014,0.1
16/02/2014,1.7
17/02/2014,1.4
18/02/2014,1.8
19/02/2014,-0.1
20/02/2014,-0.9
21/02/2014,-0.4
22/02/2014,2.7
23/02/2014,3.9
24/02/2014,5.2
25/02/2014,3.6
26/02/2014,0.1
27/02/2014,1.1
28/02/2014,1.4
01/03/2014,0.2
02/03/2014,0.7
03/03/2014,1.1
04/03/2014,2.8
05/03/2014,2.7
06/03/2014,3
07/03/2014,2.9
08/03/2014,3.5
09/03/2014,5.5
10/03/2014,5.8
11/03/2014,5
12/03/2014,6.1
13/03/2014,8
14/03/2014,6
15/03/2014,0.5
16/03/2014,-1.4
17/03/2014,-2.4
18/03/2014,-0.1
19/03/2014,-1.3
20/03/2014,-0.2
21/03/2014,7.3
22/03/2014,5.7
23/03/2014,4.7
24/03/2014,3.8
25/03/2014,4.9
26/03/2014,7.4
27/03/2014,8.4
28/03/2014,5.7
29/03/2014,5.8
30/03/2014,6.8
31/03/2014,0.6
01/04/2014,1.6
02/04/2014,1.9
03/04/2014,1.9
04/04/2014,2.6
05/04/2014,5.2
06/04/2014,4.4
07/04/2014,4.8
08/04/2014,7.1
09/04/2014,5.5
10/04/2014,5.1
11/04/2014,7.8
12/04/2014,5.3
13/04/2014,5.9
14/04/2014,6.1
15/04/2014,6.8
16/04/2014,6.6
17/04/2014,8.3
18/04/2014,12.3
19/04/2014,15.9
20/04/2014,16.6
21/04/2014,18.4
22/04/2014,17.8
23/04/2014,8.4
24/04/2014,9.7
25/04/2014,12.5
26/04/2014,14.3
27/04/2014,15.3
28/04/2014,16.8
29/04/2014,15.7
30/04/2014,9.8
01/05/2014,3.9
02/05/2014,5.1
03/05/2014,6.4
04/05/2014,4.8
05/05/2014,2.6
06/05/2014,6.6
07/05/2014,9.5
08/05/2014,11
09/05/2014,12.5
10/05/2014,12.3
11/05/2014,9.8
12/05/2014,13.2
13/05/2014,8.5
14/05/2014,12.6
15/05/2014,10.8
16/05/2014,14.8
17/05/2014,18.6
18/05/2014,22.9
19/05/2014,25.6
20/05/2014,21.1
21/05/2014,15.8
22/05/2014,22
23/05/2014,25.8
24/05/2014,24.8
25/05/2014,26.3
26/05/2014,21.5
27/05/2014,8.6
28/05/2014,7.4
29/05/2014,9.6
30/05/2014,11.8
31/05/2014,14.1
01/06/2014,13.1
02/06/2014,13.1
03/06/2014,19.7
04/06/2014,24.6
05/06/2014,22.2
06/06/2014,21.2
07/06/2014,18.3
08/06/2014,13.8
09/06/2014,17.4
10/06/2014,18.2
11/06/2014,17.3
12/06/2014,13.3
13/06/2014,14.1
14/06/2014,14.9
15/06/2014,14.5
16/06/2014,13
17/06/2014,6.8
18/06/2014,11.7
19/06/2014,15.1
20/06/2014,13
21/06/2014,10.4
22/06/2014,9.4
23/06/2014,10.2
24/06/2014,13.3
25/06/2014,13.4
26/06/2014,13.5
27/06/2014,13.5
28/06/2014,17.3
29/06/2014,13.7
30/06/2014,15.9
01/07/2014,12.3
02/07/2014,14.7
03/07/2014,17.1
04/07/2014,18.5
05/07/2014,20.4
06/07/2014,23.9
07/07/2014,25.6
08/07/2014,25.6
09/07/2014,24.4
10/07/2014,18.4
11/07/2014,18.2
12/07/2014,20.2
13/07/2014,22.4
14/07/2014,21.1
15/07/2014,21.5
16/07/2014,20.8
17/07/2014,21.6
18/07/2014,21.6
19/07/2014,21.4
20/07/2014,20
21/07/2014,23.5
22/07/2014,23.6
23/07/2014,25.2
24/07/2014,26.4
25/07/2014,26.3
26/07/2014,27.5
27/07/2014,27.1
28/07/2014,27.2
29/07/2014,25.3
30/07/2014,26.3
31/07/2014,21.9
01/08/2014,22.4
02/08/2014,24.1
03/08/2014,26.5
04/08/2014,27.4
05/08/2014,26.3
06/08/2014,27.1
07/08/2014,22.5
08/08/2014,23.6
09/08/2014,20.3
10/08/2014,23.3
11/08/2014,23.7
12/08/2014,20.4
13/08/2014,17.6
14/08/2014,17.2
15/08/2014,16.8
16/08/2014,17.3
17/08/2014,17.1
18/08/2014,16.6
19/08/2014,13.9
20/08/2014,14.1
21/08/2014,15
22/08/2014,13.3
23/08/2014,16.6
24/08/2014,15.1
25/08/2014,13.5
26/08/2014,12.8
27/08/2014,14.1
28/08/2014,14.3
29/08/2014,14.4
30/08/2014,13.7
31/08/2014,13.4
01/09/2014,13.6
02/09/2014,14
03/09/2014,16.2
04/09/2014,17.7
05/09/2014,16.8
06/09/2014,17.3
07/09/2014,18
08/09/2014,19.4
09/09/2014,16
10/09/2014,16.2
11/09/2014,16.9
12/09/2014,17.3
13/09/2014,15.5
14/09/2014,13.3
15/09/2014,15.3
16/09/2014,14.1
17/09/2014,14.3
18/09/2014,15.4
19/09/2014,15.9
20/09/2014,14.7
21/09/2014,14
22/09/2014,12
23/09/2014,4.6
24/09/2014,7.9
25/09/2014,10.5
26/09/2014,11
27/09/2014,11.9
28/09/2014,13.2
29/09/2014,13.2
30/09/2014,9.9
01/10/2014,7.9
02/10/2014,8.6
03/10/2014,10.5
04/10/2014,12.1
05/10/2014,6.3
06/10/2014,6
07/10/2014,8.8
08/10/2014,7.2
09/10/2014,10.2
10/10/2014,13.7
11/10/2014,11.9
12/10/2014,10
13/10/2014,9.4
14/10/2014,9.5
15/10/2014,7.5
16/10/2014,1.3
17/10/2014,0.7
18/10/2014,1.7
19/10/2014,4.9
20/10/2014,10.6
21/10/2014,2.1
22/10/2014,-1.9
23/10/2014,-4.2
24/10/2014,-1.8
25/10/2014,0.7
26/10/2014,2.9
27/10/2014,9.9
28/10/2014,10.6
29/10/2014,9.4
30/10/2014,5.8
31/10/2014,3.5
01/11/2014,1.5
02/11/2014,5.7
03/11/2014,6.4
04/11/2014,9.6
05/11/2014,5.8
06/11/2014,3.8
07/11/2014,5.9
08/11/2014,3.3
09/11/2014,5.3
10/11/2014,3.3
11/11/2014,9.3
12/11/2014,7.4
13/11/2014,6.2
14/11/2014,2.7
15/11/2014,4
16/11/2014,2
17/11/2014,0
18/11/2014,-1.7
19/11/2014,-4.3
20/11/2014,-4
21/11/2014,-1.3
22/11/2014,0.3
23/11/2014,0.3
24/11/2014,-1.7
25/11/2014,-1.1
26/11/2014,-0.2
27/11/2014,-1
28/11/2014,-5.8
29/11/2014,-5.3
30/11/2014,-11.4
01/12/2014,-9.9
02/12/2014,-8.9
03/12/2014,1.5
04/12/2014,3.3
05/12/2014,0.5
06/12/2014,-0.4
07/12/2014,2.5
08/12/2014,0.6
09/12/2014,2.8
10/12/2014,0.9
11/12/2014,0.1
12/12/2014,0.8
13/12/2014,1.5
14/12/2014,1.9
15/12/2014,0.1
16/12/2014,2.2
17/12/2014,2
18/12/2014,0.9
19/12/2014,3.8
20/12/2014,1.9
21/12/2014,-0.8
22/12/2014,-2.4
23/12/2014,-2.6
24/12/2014,-3.1
25/12/2014,-6.4
26/12/2014,-2.7
27/12/2014,-3.5
28/12/2014,-7.2
29/12/2014,-8.6
30/12/2014,-5.3
31/12/2014,2.9
01/01/2015,2.4
02/01/2015,3.9
03/01/2015,0.9
04/01/2015,-2
05/01/2015,-8.6
06/01/2015,-14.8
07/01/2015,-10.3
08/01/2015,-3.1
09/01/2015,1.2
10/01/2015,-0.1
11/01/2015,-0.9
12/01/2015,-7.2
13/01/2015,2.7
14/01/2015,1.8
15/01/2015,1.5
16/01/2015,2.1
17/01/2015,1.9
18/01/2015,2.2
19/01/2015,0.4
20/01/2015,-1.6
21/01/2015,-4.5
22/01/2015,-6.8
23/01/2015,-1.3
24/01/2015,-2.5
25/01/2015,-4.5
26/01/2015,-4.3
27/01/2015,-1.9
28/01/2015,-0.8
29/01/2015,-0.3
30/01/2015,-0.3
31/01/2015,1.3
01/02/2015,0.3
02/02/2015,-0.2
03/02/2015,-3.1
04/02/2015,-4
05/02/2015,-8.8
06/02/2015,0.4
07/02/2015,0.4
08/02/2015,-3.3
09/02/2015,-4.2
10/02/2015,3.5
11/02/2015,0
12/02/2015,0.8
13/02/2015,0.4
14/02/2015,-0.2
15/02/2015,-4.1
16/02/2015,-5.6
17/02/2015,-3.2
18/02/2015,1.5
19/02/2015,2.7
20/02/2015,1.2
21/02/2015,1.6
22/02/2015,2.1
23/02/2015,2.7
24/02/2015,2.6
25/02/2015,2.8
26/02/2015,2.9
27/02/2015,0.9
28/02/2015,0.9
01/03/2015,2.8
02/03/2015,2.9
03/03/2015,2
04/03/2015,1.8
05/03/2015,0.2
06/03/2015,1.2
07/03/2015,3.7
08/03/2015,7.4
09/03/2015,4.7
10/03/2015,3.8
11/03/2015,3.5
12/03/2015,3.2
13/03/2015,4
14/03/2015,5
15/03/2015,6.5
16/03/2015,7.8
17/03/2015,8.4
18/03/2015,8.2
19/03/2015,8.4
20/03/2015,3.3
21/03/2015,-1.6
22/03/2015,-2
23/03/2015,0.4
24/03/2015,5.8
25/03/2015,1.8
26/03/2015,2.8
27/03/2015,4.9
28/03/2015,5.3
29/03/2015,3.1
30/03/2015,1.5
31/03/2015,3.1
01/04/2015,3.5
02/04/2015,2.4
03/04/2015,2.2
04/04/2015,2
05/04/2015,3.4
06/04/2015,5.8
07/04/2015,4.8
08/04/2015,6.8
09/04/2015,8.6
10/04/2015,9.8
11/04/2015,11.8
12/04/2015,6.8
13/04/2015,3.9
14/04/2015,3.9
15/04/2015,4.4
16/04/2015,6
17/04/2015,3.6
18/04/2015,5.4
19/04/2015,6.5
20/04/2015,6.9
21/04/2015,8.6
22/04/2015,9.8
23/04/2015,8.1
24/04/2015,8.1
25/04/2015,11.1
26/04/2015,11.5
27/04/2015,13.1
28/04/2015,9.7
29/04/2015,5
30/04/2015,9.9
01/05/2015,13.7
02/05/2015,6.5
03/05/2015,8.8
04/05/2015,10.8
05/05/2015,11.7
06/05/2015,13.5
07/05/2015,11.9
08/05/2015,10
09/05/2015,11.4
10/05/2015,15.1
11/05/2015,10.3
12/05/2015,16.1
13/05/2015,9.8
14/05/2015,11.3
15/05/2015,7.2
16/05/2015,10.2
17/05/2015,9.3
18/05/2015,9.4
19/05/2015,13.3
20/05/2015,14.8
21/05/2015,9.7
22/05/2015,14.9
23/05/2015,10.8
24/05/2015,14.2
25/05/2015,15.6
26/05/2015,14.9
27/05/2015,14.3
28/05/2015,14.9
29/05/2015,14
30/05/2015,16.5
31/05/2015,11.3
01/06/2015,17.9
02/06/2015,16.2
03/06/2015,16.5
04/06/2015,14.3
05/06/2015,16.7
06/06/2015,18.7
07/06/2015,15.5
08/06/2015,14.6
09/06/2015,14.2
10/06/2015,15.6
11/06/2015,15.6
12/06/2015,19.7
13/06/2015,22
14/06/2015,18.3
15/06/2015,12.8
16/06/2015,14.1
17/06/2015,12.7
18/06/2015,11.6
19/06/2015,13.7
20/06/2015,15.2
21/06/2015,18.2
22/06/2015,15.8
23/06/2015,16.9
24/06/2015,13.8
25/06/2015,13.8
26/06/2015,14.6
27/06/2015,15.6
28/06/2015,17
29/06/2015,19.9
30/06/2015,17
01/07/2015,17.1
02/07/2015,23
03/07/2015,25.4
04/07/2015,24.9
05/07/2015,21.4
06/07/2015,18.7
07/07/2015,15.5
08/07/2015,16.5
09/07/2015,16.6
10/07/2015,14.6
11/07/2015,18.1
12/07/2015,13.7
13/07/2015,15.3
14/07/2015,16.3
15/07/2015,16.9
16/07/2015,18.1
17/07/2015,NA
18/07/2015,NA
19/07/2015,NA
20/07/2015,NA
21/07/2015,NA
22/07/2015,NA
23/07/2015,NA
24/07/2015,NA
25/07/2015,NA
26/07/2015,NA
27/07/2015,NA
28/07/2015,NA
29/07/2015,16.9
30/07/2015,13.8
31/07/2015,14.9
01/08/2015,14.3
02/08/2015,17.3
03/08/2015,18.2
04/08/2015,19.2
05/08/2015,21.4
06/08/2015,23
07/08/2015,22.4
08/08/2015,23.4
09/08/2015,22.3
10/08/2015,21.6
11/08/2015,24.2
12/08/2015,23.2
13/08/2015,17.6
14/08/2015,18.3
15/08/2015,18.9
16/08/2015,17
17/08/2015,17.6
18/08/2015,17.4
19/08/2015,17.6
20/08/2015,18.6
21/08/2015,20.5
22/08/2015,20.8
23/08/2015,21.8
24/08/2015,22.2
25/08/2015,24.1
26/08/2015,17.4
27/08/2015,19.9
28/08/2015,16.1
29/08/2015,16.5
30/08/2015,15.6
31/08/2015,16.9
01/09/2015,13.8
02/09/2015,13.6
03/09/2015,15.6
04/09/2015,15.8
05/09/2015,13.4
06/09/2015,13.9
07/09/2015,12.4
08/09/2015,13.3
09/09/2015,13.8
10/09/2015,15
11/09/2015,15.8
12/09/2015,15.8
13/09/2015,14.2
14/09/2015,15
15/09/2015,14
16/09/2015,13.8
17/09/2015,18.2
18/09/2015,15.9
19/09/2015,15
20/09/2015,14.2
21/09/2015,12
22/09/2015,12.6
23/09/2015,13.1
24/09/2015,18.3
25/09/2015,14.3
26/09/2015,12.7
27/09/2015,11.3
28/09/2015,10.5
29/09/2015,9.4
30/09/2015,12.2
01/10/2015,13.1
02/10/2015,14.2
03/10/2015,10.8
04/10/2015,11.9
05/10/2015,8.7
06/10/2015,4.6
07/10/2015,3.8
08/10/2015,2.8
09/10/2015,2.1
10/10/2015,3.3
11/10/2015,4.7
12/10/2015,7.5
13/10/2015,5.5
14/10/2015,5.7
15/10/2015,6.6
16/10/2015,2.6
17/10/2015,5.3
18/10/2015,5.7
19/10/2015,5.2
20/10/2015,3.8
21/10/2015,4.6
22/10/2015,5.5
23/10/2015,9.1
24/10/2015,6.5
25/10/2015,7
26/10/2015,6.9
27/10/2015,6.1
28/10/2015,-0.4
29/10/2015,0.1
30/10/2015,2.7
31/10/2015,4.4
01/11/2015,9.2
02/11/2015,9.8
03/11/2015,9.4
04/11/2015,8.4
05/11/2015,3.1
06/11/2015,3
07/11/2015,4
08/11/2015,5.7
09/11/2015,5.8
10/11/2015,6.3
11/11/2015,5.7
12/11/2015,4.9
13/11/2015,5
14/11/2015,5.7
15/11/2015,3.1
16/11/2015,4.2
17/11/2015,5.1
18/11/2015,3.6
19/11/2015,5.7
20/11/2015,3.5
21/11/2015,0.9
22/11/2015,0.7
23/11/2015,-1.3
24/11/2015,-0.3
25/11/2015,-0.3
26/11/2015,-2
27/11/2015,5.9
28/11/2015,0.8
29/11/2015,1.2
30/11/2015,2.7
01/12/2015,1.4
02/12/2015,-0.1
03/12/2015,4.7
04/12/2015,5.8
05/12/2015,6.2
06/12/2015,7.9
07/12/2015,6
08/12/2015,1.2
09/12/2015,3.5
10/12/2015,6.4
11/12/2015,3.7
12/12/2015,1.9
13/12/2015,1.1
14/12/2015,0.4
15/12/2015,-0.2
16/12/2015,2
17/12/2015,-0.2
18/12/2015,2.6
19/12/2015,6.1
20/12/2015,8.8
21/12/2015,8
22/12/2015,5.9
23/12/2015,7.5
24/12/2015,4.6
25/12/2015,5.4
26/12/2015,0.5
27/12/2015,-5.8
28/12/2015,-5.6
29/12/2015,-6.3
30/12/2015,-8
31/12/2015,-10
01/01/2016,-10.5
02/01/2016,-15.9
03/01/2016,-7.9
04/01/2016,-15.3
05/01/2016,-17.1
06/01/2016,-18.6
07/01/2016,-19.8
08/01/2016,-22.3
09/01/2016,-18.1
10/01/2016,-18.6
11/01/2016,-11.8
12/01/2016,-8.6
13/01/2016,-9.3
14/01/2016,-13.1
15/01/2016,-7.9
16/01/2016,-13.4
17/01/2016,-8.8
18/01/2016,-2.7
19/01/2016,-2.6
20/01/2016,-7.8
21/01/2016,-9.4
22/01/2016,-15.5
23/01/2016,-12
24/01/2016,-6.5
25/01/2016,-1.6
26/01/2016,1.2
27/01/2016,2.7
28/01/2016,2.8
29/01/2016,2.1
30/01/2016,4.2
31/01/2016,0.9
01/02/2016,0.1
02/02/2016,3
03/02/2016,1
04/02/2016,0.3
05/02/2016,-1.2
06/02/2016,-1.4
07/02/2016,2.1
08/02/2016,1.4
09/02/2016,4.6
10/02/2016,4.4
11/02/2016,2.4
12/02/2016,0.2
13/02/2016,1.1
14/02/2016,0.2
15/02/2016,0.7
16/02/2016,-1.4
17/02/2016,0.2
18/02/2016,-0.4
19/02/2016,-0.3
20/02/2016,-0.3
21/02/2016,0
22/02/2016,0.1
23/02/2016,0
24/02/2016,-0.2
25/02/2016,0.6
26/02/2016,0.7
27/02/2016,-0.4
28/02/2016,1
29/02/2016,-2.8
01/03/2016,-5.8
02/03/2016,-3.9
03/03/2016,-2.5
04/03/2016,0
05/03/2016,0.1
06/03/2016,0.4
07/03/2016,2.2
08/03/2016,0.6
09/03/2016,0.8
10/03/2016,-0.7
11/03/2016,-1
12/03/2016,1.3
13/03/2016,-0.3
14/03/2016,1.3
15/03/2016,1.2
16/03/2016,3.6
17/03/2016,4.4
18/03/2016,-4.2
19/03/2016,-2.6
20/03/2016,-1.5
21/03/2016,-0.8
22/03/2016,-2.1
23/03/2016,-1.1
24/03/2016,0.5
25/03/2016,2.5
26/03/2016,3.8
27/03/2016,6.4
28/03/2016,8.6
29/03/2016,7.7
30/03/2016,4.3
31/03/2016,2.4
01/04/2016,2.3
02/04/2016,6.1
03/04/2016,6
04/04/2016,6.3
05/04/2016,9.8
06/04/2016,11
07/04/2016,10.1
08/04/2016,8.4
09/04/2016,4.9
10/04/2016,6.4
11/04/2016,8.5
12/04/2016,10.3
13/04/2016,11.1
14/04/2016,4.6
15/04/2016,5.9
16/04/2016,11.8
17/04/2016,8.9
18/04/2016,6.3
19/04/2016,6.7
20/04/2016,4
21/04/2016,6.3
22/04/2016,5.4
23/04/2016,3.7
24/04/2016,4
25/04/2016,6.5
26/04/2016,3.2
27/04/2016,9.6
28/04/2016,8.9
29/04/2016,11.4
30/04/2016,12.1
01/05/2016,14
02/05/2016,14.9
03/05/2016,16.7
04/05/2016,17.7
05/05/2016,18.6
06/05/2016,17.4
07/05/2016,18.4
08/05/2016,19.4
09/05/2016,20.3
10/05/2016,21
11/05/2016,12.4
12/05/2016,13.2
13/05/2016,16.6
14/05/2016,13.4
15/05/2016,17.4
16/05/2016,11.8
17/05/2016,10.7
18/05/2016,13.9
19/05/2016,13.5
20/05/2016,15.1
21/05/2016,17.6
22/05/2016,17.2
23/05/2016,20
24/05/2016,21.3
25/05/2016,21.7
26/05/2016,13
27/05/2016,16.4
28/05/2016,17.1
29/05/2016,19.5
30/05/2016,23.8
31/05/2016,24.8
01/06/2016,24
02/06/2016,24.4
03/06/2016,23.8
04/06/2016,15.5
05/06/2016,11.8
06/06/2016,11.8
07/06/2016,15.5
08/06/2016,12.4
09/06/2016,10.5
10/06/2016,10.1
11/06/2016,8.1
12/06/2016,12.1
13/06/2016,15.7
14/06/2016,18.3
15/06/2016,18.7
16/06/2016,16.8
17/06/2016,19.1
18/06/2016,13.7
19/06/2016,16.5
20/06/2016,20.5
21/06/2016,18.1
22/06/2016,17.7
23/06/2016,20.9
24/06/2016,19.1
25/06/2016,26.4
26/06/2016,24.3
27/06/2016,17.5
28/06/2016,19.6
29/06/2016,20.1
30/06/2016,21.4
01/07/2016,18.9
02/07/2016,24.8
03/07/2016,16.6
04/07/2016,16.1
05/07/2016,18.2
06/07/2016,19.4
07/07/2016,12.7
08/07/2016,17
09/07/2016,17.8
10/07/2016,16.3
11/07/2016,17
12/07/2016,19.3
13/07/2016,19.6
14/07/2016,20.6
15/07/2016,17.4
16/07/2016,19.7
17/07/2016,15.8
18/07/2016,18.2
19/07/2016,19.7
20/07/2016,19.6
21/07/2016,17.8
22/07/2016,18.5
23/07/2016,20.5
24/07/2016,21.6
25/07/2016,22.7
26/07/2016,23.5
27/07/2016,22
28/07/2016,21.8
29/07/2016,20.6
30/07/2016,21
31/07/2016,18.8
01/08/2016,16
02/08/2016,16.6
03/08/2016,18
04/08/2016,16.7
05/08/2016,19.8
06/08/2016,17.9
07/08/2016,16.2
08/08/2016,19.3
09/08/2016,16.7
10/08/2016,16.3
11/08/2016,14.7
12/08/2016,13.9
13/08/2016,14.7
14/08/2016,16.4
15/08/2016,14.3
16/08/2016,13.8
17/08/2016,13.3
18/08/2016,15.8
19/08/2016,19.9
20/08/2016,19.8
21/08/2016,22.7
22/08/2016,19
23/08/2016,17.4
24/08/2016,17.5
25/08/2016,18.4
26/08/2016,21.3
27/08/2016,19.6
28/08/2016,17.8
29/08/2016,15.6
30/08/2016,13.6
31/08/2016,17.6
01/09/2016,17.9
02/09/2016,16.9
03/09/2016,14.9
04/09/2016,15
05/09/2016,15.1
06/09/2016,15.5
07/09/2016,17.9
08/09/2016,16.1
09/09/2016,15.9
10/09/2016,18.6
11/09/2016,16.7
12/09/2016,17.6
13/09/2016,15.6
14/09/2016,13.5
15/09/2016,16.4
16/09/2016,12.4
17/09/2016,12.3
18/09/2016,11.3
19/09/2016,11.5
20/09/2016,11.9
21/09/2016,12.2
22/09/2016,10.8
23/09/2016,9.4
24/09/2016,9.8
25/09/2016,11.3
26/09/2016,12.3
27/09/2016,13.8
28/09/2016,11
29/09/2016,13.6
30/09/2016,12.9
01/10/2016,12.2
02/10/2016,10
03/10/2016,10.4
04/10/2016,6.7
05/10/2016,8.3
06/10/2016,7.3
07/10/2016,7.9
08/10/2016,5.9
09/10/2016,7.4
10/10/2016,3.8
11/10/2016,3.7
12/10/2016,1.3
13/10/2016,2.5
14/10/2016,2.2
15/10/2016,3.2
16/10/2016,4.4
17/10/2016,3.4
18/10/2016,2.8
19/10/2016,3.5
20/10/2016,2.2
21/10/2016,0.9
22/10/2016,1.5
23/10/2016,4.2
24/10/2016,4.1
25/10/2016,0.7
26/10/2016,1
27/10/2016,5.4
28/10/2016,8
29/10/2016,5.6
30/10/2016,4.2
31/10/2016,0.7
01/11/2016,-0.3
02/11/2016,-1.4
03/11/2016,-1.5
04/11/2016,-1.4
05/11/2016,-3.9
06/11/2016,-4.4
07/11/2016,-6.3
08/11/2016,-7
09/11/2016,-4
10/11/2016,-4.1
11/11/2016,-4.3
12/11/2016,-2.9
13/11/2016,-0.4
14/11/2016,-2.4
15/11/2016,-1.7
16/11/2016,0.5
17/11/2016,2.6
18/11/2016,3.9
19/11/2016,5.8
20/11/2016,3.2
21/11/2016,7.5
22/11/2016,1.8
23/11/2016,1.2
24/11/2016,3.4
25/11/2016,-0.5
26/11/2016,4.6
27/11/2016,-1.1
28/11/2016,-4
29/11/2016,-5.3
30/11/2016,0.1
01/12/2016,-1.9
02/12/2016,-2.7
03/12/2016,-4
04/12/2016,-7.7
05/12/2016,2.7
06/12/2016,-5.5
07/12/2016,0.9
08/12/2016,2.3
09/12/2016,3.3
10/12/2016,-4.6
11/12/2016,-9.3
12/12/2016,-5.1
13/12/2016,-2.5
14/12/2016,-0.8
15/12/2016,-1
16/12/2016,1
17/12/2016,-0.3
18/12/2016,0.8
19/12/2016,2.1
20/12/2016,2.4
21/12/2016,2.4
22/12/2016,3.4
23/12/2016,3.3
24/12/2016,3
25/12/2016,2.4
26/12/2016,4.3
27/12/2016,0.5
28/12/2016,-0.1
29/12/2016,1.7
30/12/2016,3.9
31/12/2016,5.9
01/01/2017,4
02/01/2017,-2.2
03/01/2017,-5.2
04/01/2017,-11.7
05/01/2017,-14
06/01/2017,-14.3
07/01/2017,-12.1
08/01/2017,-3.2
09/01/2017,0.3
10/01/2017,-0.6
11/01/2017,-6.6
12/01/2017,-4.6
13/01/2017,0.9
14/01/2017,-0.7
15/01/2017,-1.1
16/01/2017,-5.4
17/01/2017,-4.7
18/01/2017,0.1
19/01/2017,2
20/01/2017,-0.2
21/01/2017,-1.2
22/01/2017,1
23/01/2017,1
24/01/2017,-1.4
25/01/2017,-6.6
26/01/2017,1
27/01/2017,0
28/01/2017,-0.6
29/01/2017,-0.4
30/01/2017,-0.3
31/01/2017,0.4
01/02/2017,-0.2
02/02/2017,-3.9
03/02/2017,-1.2
04/02/2017,-1.2
05/02/2017,-2.5
06/02/2017,-9.3
07/02/2017,-14
08/02/2017,-9.4
09/02/2017,-10.3
10/02/2017,-8.1
11/02/2017,-8.5
12/02/2017,-4.2
13/02/2017,0.3
14/02/2017,3.3
15/02/2017,0
16/02/2017,-0.3
17/02/2017,1
18/02/2017,1.7
19/02/2017,2.3
20/02/2017,2
21/02/2017,-1.9
22/02/2017,-4.8
23/02/2017,-1
24/02/2017,-3.3
25/02/2017,-4.6
26/02/2017,-0.3
27/02/2017,-0.2
28/02/2017,4.4
01/03/2017,2.7
02/03/2017,2
03/03/2017,0.7
04/03/2017,0.5
05/03/2017,-3.5
06/03/2017,-3
07/03/2017,-2.6
08/03/2017,0.6
09/03/2017,1.9
10/03/2017,2
11/03/2017,1.5
12/03/2017,-0.3
13/03/2017,-2.1
14/03/2017,1.1
15/03/2017,4.1
16/03/2017,4.4
17/03/2017,2.8
18/03/2017,2.1
19/03/2017,3.1
20/03/2017,0.5
21/03/2017,3.1
22/03/2017,3.7
23/03/2017,5
24/03/2017,1.6
25/03/2017,2.1
26/03/2017,3.5
27/03/2017,7.1
28/03/2017,2.8
29/03/2017,1.4
30/03/2017,1.6
31/03/2017,-0.1
01/04/2017,4.2
02/04/2017,11.2
03/04/2017,4.5
04/04/2017,7.7
05/04/2017,4.5
06/04/2017,6.6
07/04/2017,5
08/04/2017,4.8
09/04/2017,6.7
10/04/2017,10.8
11/04/2017,5.2
12/04/2017,4.9
13/04/2017,0.4
14/04/2017,0.2
15/04/2017,0.1
16/04/2017,-1.4
17/04/2017,0.8
18/04/2017,0.4
19/04/2017,1.9
20/04/2017,4.7
21/04/2017,6.6
22/04/2017,2.5
23/04/2017,3.8
24/04/2017,4.1
25/04/2017,3.1
26/04/2017,3.4
27/04/2017,4.4
28/04/2017,7.9
29/04/2017,2
30/04/2017,3.6
01/05/2017,10.3
02/05/2017,12.5
03/05/2017,10.2
04/05/2017,9.7
05/05/2017,13.2
06/05/2017,13.3
07/05/2017,8.4
08/05/2017,5.6
09/05/2017,2
10/05/2017,2.7
11/05/2017,3.6
12/05/2017,7.4
13/05/2017,11.1
14/05/2017,15.5
15/05/2017,11.2
16/05/2017,9.6
17/05/2017,13.6
18/05/2017,12.8
19/05/2017,22.8
20/05/2017,19.5
21/05/2017,17.8
22/05/2017,16.8
23/05/2017,12.3
24/05/2017,12.3
25/05/2017,16
26/05/2017,15.7
27/05/2017,15.5
28/05/2017,19.3
29/05/2017,17.4
30/05/2017,13.9
31/05/2017,12.3
01/06/2017,8
02/06/2017,7.5
03/06/2017,12.4
04/06/2017,13.7
05/06/2017,11.5
06/06/2017,18.7
07/06/2017,20.7
08/06/2017,12.2
09/06/2017,15.8
10/06/2017,19
11/06/2017,18.9
12/06/2017,13.9
13/06/2017,13.4
14/06/2017,15.4
15/06/2017,19.5
16/06/2017,20.5
17/06/2017,21.3
18/06/2017,19.8
19/06/2017,18.6
20/06/2017,13.7
21/06/2017,11.9
22/06/2017,14.9
23/06/2017,12.7
24/06/2017,13.9
25/06/2017,15.9
26/06/2017,11.8
27/06/2017,15.1
28/06/2017,17.4
29/06/2017,19.9
30/06/2017,13.8
01/07/2017,13.2
02/07/2017,16.7
03/07/2017,16
04/07/2017,15.4
05/07/2017,15.1
06/07/2017,13.2
07/07/2017,16.9
08/07/2017,18.7
09/07/2017,19.2
10/07/2017,18.5
11/07/2017,17.9
12/07/2017,18.4
13/07/2017,15.1
14/07/2017,16.8
15/07/2017,18.6
16/07/2017,19.8
17/07/2017,15.9
18/07/2017,14.4
19/07/2017,15.9
20/07/2017,14.6
21/07/2017,16.5
22/07/2017,17.5
23/07/2017,19.2
24/07/2017,19.7
25/07/2017,18.4
26/07/2017,20.1
27/07/2017,19.2
28/07/2017,19.5
29/07/2017,19.2
30/07/2017,19.1
31/07/2017,20.8
01/08/2017,19.6
02/08/2017,19.4
03/08/2017,19.9
04/08/2017,18.1
05/08/2017,18.3
06/08/2017,18
07/08/2017,15.3
08/08/2017,18.7
09/08/2017,21.2
10/08/2017,21
11/08/2017,20.8
12/08/2017,23.1
13/08/2017,17.7
14/08/2017,17.3
15/08/2017,18.6
16/08/2017,19.5
17/08/2017,20.8
18/08/2017,19
19/08/2017,20.7
20/08/2017,17.6
21/08/2017,15.2
22/08/2017,14.1
23/08/2017,14.8
24/08/2017,13.4
25/08/2017,13.4
26/08/2017,13.6
27/08/2017,12.9
28/08/2017,13.6
29/08/2017,15.7
30/08/2017,19.4
31/08/2017,20.3
01/09/2017,15.5
02/09/2017,13.4
03/09/2017,13.3
04/09/2017,13.2
05/09/2017,11.7
06/09/2017,11.7
07/09/2017,11.1
08/09/2017,11.9
09/09/2017,14.1
10/09/2017,16.5
11/09/2017,15.6
12/09/2017,17
13/09/2017,14.9
14/09/2017,12.4
15/09/2017,12.3
16/09/2017,12.6
17/09/2017,12.4
18/09/2017,10.2
19/09/2017,11.1
20/09/2017,12.4
21/09/2017,13.5
22/09/2017,14.5
23/09/2017,14.9
24/09/2017,14.8
25/09/2017,14.6
26/09/2017,13.8
27/09/2017,11.8
28/09/2017,8.6
29/09/2017,9.8
30/09/2017,8.5
01/10/2017,8.4
02/10/2017,7.2
03/10/2017,6.5
04/10/2017,9.6
05/10/2017,6.4
06/10/2017,8.4
07/10/2017,8.7
08/10/2017,8.4
09/10/2017,7.5
10/10/2017,7.1
11/10/2017,7.4
12/10/2017,8.1
13/10/2017,8.2
14/10/2017,6.8
15/10/2017,9.5
16/10/2017,11.5
17/10/2017,9.3
18/10/2017,7.6
19/10/2017,6
20/10/2017,3.8
21/10/2017,2.2
22/10/2017,1.2
23/10/2017,0.7
24/10/2017,-0.7
25/10/2017,0.2
26/10/2017,-0.3
27/10/2017,0.4
28/10/2017,1.6
29/10/2017,3.4
30/10/2017,1.2
31/10/2017,0.5
01/11/2017,-0.4
02/11/2017,1.1
03/11/2017,2.4
04/11/2017,7
05/11/2017,6.7
06/11/2017,5.8
07/11/2017,3.8
08/11/2017,2
09/11/2017,3.4
10/11/2017,5.3
11/11/2017,4
12/11/2017,2.5
13/11/2017,1.7
14/11/2017,1.3
15/11/2017,3.8
16/11/2017,2.6
17/11/2017,4.5
18/11/2017,4.6
19/11/2017,1
20/11/2017,-0.3
21/11/2017,0
22/11/2017,-2.9
23/11/2017,-0.2
24/11/2017,4.8
25/11/2017,3.5
26/11/2017,2.1
27/11/2017,1.1
28/11/2017,1.5
29/11/2017,0.8
30/11/2017,0
01/12/2017,0
02/12/2017,0.3
03/12/2017,1.6
04/12/2017,0.4
05/12/2017,-0.3
06/12/2017,-2.2
07/12/2017,-1.5
08/12/2017,2
09/12/2017,1.6
10/12/2017,-0.8
11/12/2017,-3
12/12/2017,1.6
13/12/2017,0.2
14/12/2017,-1.7
15/12/2017,0.6
16/12/2017,-0.3
17/12/2017,0.1
18/12/2017,-1
19/12/2017,0.4
20/12/2017,-0.6
21/12/2017,1.3
22/12/2017,0
23/12/2017,0.5
24/12/2017,0.1
25/12/2017,-1.6
26/12/2017,4
27/12/2017,3.1
28/12/2017,1.6
29/12/2017,1.7
30/12/2017,1.7
31/12/2017,-1.2
01/01/2018,1.2
02/01/2018,3.9
03/01/2018,1.1
04/01/2018,2.3
05/01/2018,3.4
06/01/2018,0.8
07/01/2018,-1.9
08/01/2018,-1.4
09/01/2018,0.4
10/01/2018,-2
11/01/2018,-2.2
12/01/2018,-5.8
13/01/2018,-9.4
14/01/2018,-8.8
15/01/2018,-9.3
16/01/2018,-8.8
17/01/2018,-7.7
18/01/2018,-5
19/01/2018,-2
20/01/2018,-2.4
21/01/2018,-4.8
22/01/2018,-3.1
23/01/2018,-3.1
24/01/2018,-4.2
25/01/2018,4.1
26/01/2018,2.8
27/01/2018,1.7
28/01/2018,0.1
29/01/2018,-0.1
30/01/2018,-2.5
31/01/2018,-3.3
01/02/2018,-0.5
02/02/2018,0.1
03/02/2018,-0.7
04/02/2018,-7.2
05/02/2018,-6.6
06/02/2018,-7.6
07/02/2018,-3.9
08/02/2018,-10.2
09/02/2018,-12.3
10/02/2018,-6.2
11/02/2018,-4.6
12/02/2018,-2.7
13/02/2018,-0.3
14/02/2018,-1.4
15/02/2018,-8.7
16/02/2018,-5.8
17/02/2018,-5.1
18/02/2018,-7
19/02/2018,-5.8
20/02/2018,-9.8
21/02/2018,-11.4
22/02/2018,-11.7
23/02/2018,-11.6
24/02/2018,-13.5
25/02/2018,-11
26/02/2018,-12.2
27/02/2018,-16.2
28/02/2018,-15.6
01/03/2018,-9.7
02/03/2018,-7.3
03/03/2018,-6.1
04/03/2018,-7.1
05/03/2018,-7.8
06/03/2018,-4.8
07/03/2018,-3.6
08/03/2018,-2.5
09/03/2018,0.7
10/03/2018,0.3
11/03/2018,1.5
12/03/2018,1.1
13/03/2018,3.1
14/03/2018,-1.8
15/03/2018,-5.2
16/03/2018,-6.9
17/03/2018,-4.7
18/03/2018,0.3
19/03/2018,0.9
20/03/2018,-1.8
21/03/2018,-3.8
22/03/2018,0.8
23/03/2018,-2.6
24/03/2018,0.9
25/03/2018,2.1
26/03/2018,-3.1
27/03/2018,-2.8
28/03/2018,-1.5
29/03/2018,-0.3
30/03/2018,0.6
31/03/2018,0
01/04/2018,1.5
02/04/2018,0.2
03/04/2018,1.5
04/04/2018,4.1
05/04/2018,9.3
06/04/2018,1.8
07/04/2018,5.5
08/04/2018,9.2
09/04/2018,16.6
10/04/2018,3.5
11/04/2018,5.9
12/04/2018,8.7
13/04/2018,10.6
14/04/2018,13.9
15/04/2018,13.7
16/04/2018,15.7
17/04/2018,7.4
18/04/2018,8.9
19/04/2018,10.2
20/04/2018,13.6
21/04/2018,9.8
22/04/2018,6.9
23/04/2018,7.7
24/04/2018,9.5
25/04/2018,7.2
26/04/2018,6
27/04/2018,6.9
28/04/2018,9.3
29/04/2018,11.1
30/04/2018,10
01/05/2018,11
02/05/2018,9.8
03/05/2018,10.9
04/05/2018,11.8
05/05/2018,12.2
06/05/2018,16.1
07/05/2018,18.7
08/05/2018,17
09/05/2018,16.3
10/05/2018,18.1
11/05/2018,20.5
12/05/2018,21.3
13/05/2018,23.8
14/05/2018,24.9
15/05/2018,24.8
16/05/2018,19.1
17/05/2018,20.4
18/05/2018,14.6
19/05/2018,14.9
20/05/2018,18.3
21/05/2018,20.7
22/05/2018,20.7
23/05/2018,19.7
24/05/2018,18.3
25/05/2018,18.8
26/05/2018,22.7
27/05/2018,19.3
28/05/2018,20.3
29/05/2018,23.8
30/05/2018,21.3
31/05/2018,16.3
01/06/2018,19.7
02/06/2018,21.4
03/06/2018,21.7
04/06/2018,16.7
05/06/2018,9.9
06/06/2018,11.6
07/06/2018,13.9
08/06/2018,13.3
09/06/2018,16.5
10/06/2018,19.7
11/06/2018,24
12/06/2018,16.2
13/06/2018,18.1
14/06/2018,20.6
15/06/2018,20.8
16/06/2018,21.8
17/06/2018,21
18/06/2018,20.5
19/06/2018,15.7
20/06/2018,17.1
21/06/2018,17.3
22/06/2018,12.3
23/06/2018,16
24/06/2018,13.4
25/06/2018,14.5
26/06/2018,20.1
27/06/2018,21.5
28/06/2018,23.6
29/06/2018,13.9
30/06/2018,13.7
01/07/2018,13.4
02/07/2018,12.4
03/07/2018,17.1
04/07/2018,18.9
05/07/2018,16
06/07/2018,15.4
07/07/2018,22.2
08/07/2018,20.1
09/07/2018,19.9
10/07/2018,18.7
11/07/2018,19.1
12/07/2018,22.7
13/07/2018,24.3
14/07/2018,22.8
15/07/2018,25.4
16/07/2018,27.6
17/07/2018,28.4
18/07/2018,26.7
19/07/2018,25.4
20/07/2018,21.5
21/07/2018,23.4
22/07/2018,25.3
23/07/2018,26.2
24/07/2018,22.3
25/07/2018,25.5
26/07/2018,24.6
27/07/2018,24.9
28/07/2018,26
29/07/2018,28.5
30/07/2018,24.6
31/07/2018,26.2
01/08/2018,27.2
02/08/2018,28.2
03/08/2018,25.9
04/08/2018,19.3
05/08/2018,21.5
06/08/2018,19.6
07/08/2018,19.5
08/08/2018,21.7
09/08/2018,27
10/08/2018,25.3
11/08/2018,20.5
12/08/2018,15.1
13/08/2018,16.3
14/08/2018,18.6
15/08/2018,15.8
16/08/2018,19.6
17/08/2018,21.6
18/08/2018,23.3
19/08/2018,17.6
20/08/2018,16
21/08/2018,15.8
22/08/2018,16.7
23/08/2018,20.4
24/08/2018,22.9
25/08/2018,17.8
26/08/2018,15.9
27/08/2018,16.2
28/08/2018,16.4
29/08/2018,18.2
30/08/2018,17.2
31/08/2018,17.4
01/09/2018,17.8
02/09/2018,18.3
03/09/2018,19.2
04/09/2018,17.2
05/09/2018,18.1
06/09/2018,20.4
07/09/2018,21.2
08/09/2018,20.9
09/09/2018,18.4
10/09/2018,18
11/09/2018,17.4
12/09/2018,15.6
13/09/2018,15.3
14/09/2018,14.2
15/09/2018,14.3
16/09/2018,13
17/09/2018,13.3
18/09/2018,14.6
19/09/2018,18.8
20/09/2018,18.2
21/09/2018,20.4
22/09/2018,13.1
23/09/2018,9.6
24/09/2018,9.4
25/09/2018,8.3
26/09/2018,10.5
27/09/2018,10.6
28/09/2018,7.3
29/09/2018,6.6
30/09/2018,10.9
01/10/2018,10.9
02/10/2018,8.4
03/10/2018,7
04/10/2018,4.2
05/10/2018,10.3
06/10/2018,12
07/10/2018,6
08/10/2018,7
09/10/2018,11.2
10/10/2018,12.6
11/10/2018,8.8
12/10/2018,11.9
13/10/2018,13.6
14/10/2018,13.7
15/10/2018,14.1
16/10/2018,11.9
17/10/2018,12
18/10/2018,12.2
19/10/2018,8.1
20/10/2018,5.9
21/10/2018,6.7
22/10/2018,9.4
23/10/2018,4.3
24/10/2018,4.2
25/10/2018,2.8
26/10/2018,2.5
27/10/2018,0.6
28/10/2018,0.7
29/10/2018,-0.6
30/10/2018,0.9
31/10/2018,7.4
01/11/2018,7.3
02/11/2018,9.2
03/11/2018,9
04/11/2018,6
05/11/2018,3
06/11/2018,6.3
07/11/2018,6.2
08/11/2018,4.4
09/11/2018,3.4
10/11/2018,2.8
11/11/2018,3.9
12/11/2018,3.2
13/11/2018,6.8
14/11/2018,6.2
15/11/2018,6.4
16/11/2018,6.9
17/11/2018,6.8
18/11/2018,3.8
19/11/2018,0.8
20/11/2018,-0.6
21/11/2018,0.8
22/11/2018,2.2
23/11/2018,1.4
24/11/2018,0.1
25/11/2018,-3.8
26/11/2018,-0.9
27/11/2018,-5.8
28/11/2018,-6.2
29/11/2018,-6.9
30/11/2018,-3.6
01/12/2018,-7.9
02/12/2018,-7
03/12/2018,-4.1
04/12/2018,2.5
05/12/2018,1.4
06/12/2018,2
07/12/2018,-1.3
08/12/2018,0.4
09/12/2018,2.4
10/12/2018,0.8
11/12/2018,0.3
12/12/2018,-0.6
13/12/2018,0.2
14/12/2018,-3.1
15/12/2018,-3.8
16/12/2018,-5.3
17/12/2018,-3.1
18/12/2018,-3.4
19/12/2018,-5.5
20/12/2018,-7.2
21/12/2018,-9.5
22/12/2018,-8.1
23/12/2018,-5
24/12/2018,-2.5
25/12/2018,-0.8
26/12/2018,1
27/12/2018,0.7
28/12/2018,0.2
29/12/2018,0.4
30/12/2018,0.5
31/12/2018,-0.9
01/01/2019,2.6
02/01/2019,-2.4
03/01/2019,-5.7
04/01/2019,-3.4
05/01/2019,-5.3
06/01/2019,-4.6
07/01/2019,-0.2
08/01/2019,-2
09/01/2019,-4.4
10/01/2019,-4.2
11/01/2019,-0.2
12/01/2019,-2
13/01/2019,-2.2
14/01/2019,-1.8
15/01/2019,-5.8
16/01/2019,-6.1
17/01/2019,-0.2
18/01/2019,-4.1
19/01/2019,-4
20/01/2019,-7.5
21/01/2019,-14.8
22/01/2019,-17.1
23/01/2019,-5.2
24/01/2019,-7.3
25/01/2019,-9.7
26/01/2019,-10.5
27/01/2019,-14.5
28/01/2019,-8.2
29/01/2019,-6.7
30/01/2019,-0.4
31/01/2019,-8.1
01/02/2019,-2.1
02/02/2019,0.2
03/02/2019,1.3
04/02/2019,-3.2
05/02/2019,-1.5
06/02/2019,-4.8
07/02/2019,-0.5
08/02/2019,0.8
09/02/2019,2.4
10/02/2019,2.7
11/02/2019,0.8
12/02/2019,-2.3
13/02/2019,-0.7
14/02/2019,1.3
15/02/2019,3.5
16/02/2019,3.7
17/02/2019,1.4
18/02/2019,0.8
19/02/2019,2.3
20/02/2019,-1.7
21/02/2019,-5.3
22/02/2019,-4.9
23/02/2019,0.4
24/02/2019,1
25/02/2019,4.6
26/02/2019,0.9
27/02/2019,1.9
28/02/2019,2
01/03/2019,-5.2
02/03/2019,1
03/03/2019,-1.6
04/03/2019,-2.5
05/03/2019,-3
06/03/2019,-5.7
07/03/2019,0.1
08/03/2019,4.8
09/03/2019,2.2
10/03/2019,0.1
11/03/2019,-3.5
12/03/2019,-3.3
13/03/2019,-0.1
14/03/2019,2.8
15/03/2019,3.4
16/03/2019,2.8
17/03/2019,2.2
18/03/2019,4.7
19/03/2019,1.4
20/03/2019,2.2
21/03/2019,4.2
22/03/2019,3.9
23/03/2019,3.7
24/03/2019,4.9
25/03/2019,2.9
26/03/2019,1.3
27/03/2019,2.8
28/03/2019,8
29/03/2019,8.1
30/03/2019,8.4
31/03/2019,2.9
01/04/2019,4.9
02/04/2019,4.9
03/04/2019,10
04/04/2019,9.9
05/04/2019,10.8
06/04/2019,11.5
07/04/2019,11.1
08/04/2019,2.8
09/04/2019,1.4
10/04/2019,-0.2
11/04/2019,-0.1
12/04/2019,2.3
13/04/2019,4.2
14/04/2019,5.4
15/04/2019,7.3
16/04/2019,11.3
17/04/2019,12.8
18/04/2019,15
19/04/2019,14.2
20/04/2019,11.5
21/04/2019,11.1
22/04/2019,16.3
23/04/2019,17.7
24/04/2019,19.2
25/04/2019,18.8
26/04/2019,18.9
27/04/2019,18.6
28/04/2019,9.7
29/04/2019,11
30/04/2019,11.6
01/05/2019,13.9
02/05/2019,6.2
03/05/2019,2.7
04/05/2019,5
05/05/2019,6.3
06/05/2019,10
07/05/2019,8.8
08/05/2019,9.7
09/05/2019,14.5
10/05/2019,9.7
11/05/2019,10.2
12/05/2019,11.6
13/05/2019,6.8
14/05/2019,9.5
15/05/2019,13.4
16/05/2019,15.8
17/05/2019,18.3
18/05/2019,21.1
19/05/2019,22.9
20/05/2019,23.4
21/05/2019,19.7
22/05/2019,23
23/05/2019,17.4
24/05/2019,13
25/05/2019,11.9
26/05/2019,10.4
27/05/2019,10
28/05/2019,13
29/05/2019,13.6
30/05/2019,14.5
31/05/2019,12.9
01/06/2019,16.5
02/06/2019,12.9
03/06/2019,17.8
04/06/2019,24.9
05/06/2019,26
06/06/2019,27
07/06/2019,26.2
08/06/2019,24.8
09/06/2019,19.6
10/06/2019,18.5
11/06/2019,16
12/06/2019,18.6
13/06/2019,18.7
14/06/2019,17.1
15/06/2019,20.5
16/06/2019,22.5
17/06/2019,22.1
18/06/2019,21
19/06/2019,22.5
20/06/2019,23.5
21/06/2019,23.9
22/06/2019,18.3
23/06/2019,19.8
24/06/2019,20
25/06/2019,19.6
26/06/2019,14.7
27/06/2019,14.8
28/06/2019,17.8
29/06/2019,17.6
30/06/2019,21.5
01/07/2019,19.2
02/07/2019,16.5
03/07/2019,14.9
04/07/2019,14.4
05/07/2019,10.6
06/07/2019,13
07/07/2019,14.5
08/07/2019,15.2
09/07/2019,13.5
10/07/2019,14.5
11/07/2019,13.7
12/07/2019,14.8
13/07/2019,15.5
14/07/2019,16.2
15/07/2019,17
16/07/2019,15.4
17/07/2019,18.5
18/07/2019,20.7
19/07/2019,20.7
20/07/2019,22.4
21/07/2019,23.7
22/07/2019,18
23/07/2019,22.7
24/07/2019,23.9
25/07/2019,22.1
26/07/2019,23.7
27/07/2019,27.4
28/07/2019,27.9
29/07/2019,18
30/07/2019,13
31/07/2019,13.7
01/08/2019,17.3
02/08/2019,16.9
03/08/2019,14.2
04/08/2019,14.4
05/08/2019,17
06/08/2019,15.1
07/08/2019,17
08/08/2019,18.4
09/08/2019,16.9
10/08/2019,19.6
11/08/2019,17.5
12/08/2019,18
13/08/2019,18.7
14/08/2019,17.1
15/08/2019,14.8
16/08/2019,18.1
17/08/2019,20.2
18/08/2019,21
19/08/2019,18.9
20/08/2019,19.1
21/08/2019,15.8
22/08/2019,17.6
23/08/2019,17.8
24/08/2019,18.7
25/08/2019,19.1
26/08/2019,21.3
27/08/2019,22
28/08/2019,23.2
29/08/2019,21.9
30/08/2019,19
31/08/2019,18.6
01/09/2019,21
02/09/2019,20
03/09/2019,15.7
04/09/2019,15.5
05/09/2019,19.3
06/09/2019,14.6
07/09/2019,14.6
08/09/2019,17.9
09/09/2019,19.4
10/09/2019,22
11/09/2019,14.6
12/09/2019,14.8
13/09/2019,12.2
14/09/2019,11.3
15/09/2019,11
16/09/2019,10.1
17/09/2019,9.5
18/09/2019,8.6
19/09/2019,9
20/09/2019,7.4
21/09/2019,11.4
22/09/2019,7.4
23/09/2019,6.6
24/09/2019,8.9
25/09/2019,7.8
26/09/2019,8.8
27/09/2019,10.3
28/09/2019,12.2
29/09/2019,12.7
30/09/2019,12.2
01/10/2019,8.7
02/10/2019,9.2
03/10/2019,6.4
04/10/2019,2.9
05/10/2019,2.3
06/10/2019,2.8
07/10/2019,3
08/10/2019,3
09/10/2019,5.6
10/10/2019,8.5
11/10/2019,10.2
12/10/2019,10.3
13/10/2019,9.3
14/10/2019,8
15/10/2019,6.5
16/10/2019,9.1
17/10/2019,10.2
18/10/2019,11.3
19/10/2019,10.9
20/10/2019,10
21/10/2019,8.3
22/10/2019,10.2
23/10/2019,10.6
24/10/2019,10.1
25/10/2019,10.3
26/10/2019,10.2
27/10/2019,5.4
28/10/2019,2.8
29/10/2019,0.2
30/10/2019,-1.6
31/10/2019,2.8
01/11/2019,1.8
02/11/2019,3.4
03/11/2019,5.4
04/11/2019,2.9
05/11/2019,2.9
06/11/2019,0.3
07/11/2019,-0.1
08/11/2019,2.6
09/11/2019,6
10/11/2019,8.4
11/11/2019,3.2
12/11/2019,5
13/11/2019,7.2
14/11/2019,9.6
15/11/2019,2
16/11/2019,3.8
17/11/2019,6.8
18/11/2019,6.6
19/11/2019,5.3
20/11/2019,4
21/11/2019,3.8
22/11/2019,-1.8
23/11/2019,-3.2
24/11/2019,-4.1
25/11/2019,-5.5
26/11/2019,-2.5
27/11/2019,-0.3
28/11/2019,1.5
29/11/2019,3.2
30/11/2019,-2.9
01/12/2019,-1.3
02/12/2019,-3.5
03/12/2019,-2
04/12/2019,3.8
05/12/2019,5.6
06/12/2019,5.7
07/12/2019,3.4
08/12/2019,2.1
09/12/2019,5
10/12/2019,-0.4
11/12/2019,-1.5
12/12/2019,-0.6
13/12/2019,1.1
14/12/2019,1.4
15/12/2019,1.1
16/12/2019,2
17/12/2019,4.3
18/12/2019,5.2
19/12/2019,1.2
20/12/2019,0.8
21/12/2019,2
22/12/2019,4.7
23/12/2019,4.7
24/12/2019,4.3
25/12/2019,2.6
26/12/2019,0.1
27/12/2019,-1
28/12/2019,-2.9
29/12/2019,-1.3
30/12/2019,5.3
31/12/2019,1.7
